"resp","Species","intercept","intercept_se","slope","slope_se","cov_int_slope","df_slope"
"Bio","Panulirus interruptus",-0.696648261378424,0.802165935138073,0.15117413950121,0.107747779106497,-0.0744011836115383,NA
"Bio","Semicossyphus pulcher",1.21632795422925,0.384760148287058,-0.0244182690802339,0.0322162065184871,-0.00891937191346019,NA
"Bio","Strongylocentrotus purpuratus",0.016541256695183,0.382541224448557,-0.0635312860170273,0.0320567664814016,-0.00868367165204301,NA
"Bio","Mesocentrotus franciscanus",0.560597927563066,0.382659225714415,-0.0487810759169867,0.0320555057589025,-0.00868234589738265,NA
"Bio","Macrocystis pyrifera",-0.858586706100427,0.360112686388046,0.179049268369016,0.0275991842373028,-0.00686549534170575,NA
"Den","Panulirus interruptus",0.256875690923084,0.251624267971957,0.0932425379359033,0.0192530621953844,-0.00235437772376259,NA
"Den","Semicossyphus pulcher",0.580561822266241,0.239651543865371,-0.026619717358196,0.0182211386576258,-0.00200310970707499,NA
"Den","Strongylocentrotus purpuratus",0.121946097048172,0.25162426797196,-0.09209547141795,0.0192530621953844,-0.00235437772376264,NA
"Den","Mesocentrotus franciscanus",0.52569416573899,0.25162426797196,-0.0732768531354768,0.0192530621953844,-0.00235437772376264,NA
