"Species","Resp","EDF","Ref_df","F_stat","p_value","n_obs","linear"
"Mesocentrotus franciscanus","Bio",1,1,2.01,0.157854949183471,193,"yes"
"Mesocentrotus franciscanus","Den",1,1,12.96,0.00039402118249876,221,"yes"
"Strongylocentrotus purpuratus","Bio",2.351,2.852,2.245,0.109268372893135,194,"no"
"Strongylocentrotus purpuratus","Den",2.156,2.636,5.497,0.0033198777773138,221,"no"
"Macrocystis pyrifera","Bio",1.267,1.483,8.457,0.00316084420768931,221,"yes"
"Panulirus interruptus","Bio",2.086,2.553,2.837,0.0828846205626247,48,"no"
"Panulirus interruptus","Den",1,1,19.733,1.42776359409735e-05,221,"yes"
"Semicossyphus pulcher","Bio",1,1,0.547,0.460668145309494,168,"yes"
"Semicossyphus pulcher","Den",2.276,2.771,2.857,0.0303922944807987,256,"no"
