"MPA","Taxa","Mean","SE","SD","CI","Model","Source","Resp","BA","Primary","AnalysisType","LinearBefore","N","DW_stat","DW_pval","Lat","Lon","Location","MPA_Start","Quarter","Site","type","ChannelIsland","vi","Cooks_Distance","Cooks_Threshold","Is_Outlier","In_Final_Analysis","Exclusion_Reason"
"Abalone Cove SMCA","M. franciscanus",-1.61486929670893,0.491414507549368,1.70230978930389,1.0815960385699,"Linear","PISCO","Bio","N","Y","CI","NA","13",2.3949,0.6578,33.7392,-118.3857,"ML",2012,121,"Abalone Cove SMCA","SMCA",NA,0.241488218229988,0.188323199910959,0.307692307692308,FALSE,TRUE,"INCLUDED"
"Anacapa Island SMR 2003","M. franciscanus",-2.62183730621177,0.436002555711669,1.74401022284668,0.929317449234538,"Linear","KFM","Bio","N","Y","CI","NA","17",1.5274,0.0952,34.008,-119.3983,"C",2003,85,"Anacapa Island SMR 2003","SMR","Anacapa",0.190098228587107,0.671134460948539,0.307692307692308,TRUE,FALSE,"Outlier (Cook's D=0.6711 > 0.3077)"
"Campus Point SMCA","M. franciscanus",-0.258775227592432,0.380339430420156,1.31753443521904,0.83712144215247,"Mean","PISCO","Bio","N","Y","CI","NA","12",1.8221,0.2444,34.4049,-119.8651,"ML",2012,121,"Campus Point SMCA","SMCA",NA,0.144658082332329,0.00110716439174588,0.307692307692308,FALSE,TRUE,"INCLUDED"
"Gull Island SMR","M. franciscanus",1.14600299226874,0.390876032063166,2.31245379098709,0.794355669984265,"Linear","KFM","Bio","Y","Y","pBACIPS","N","36",1.6575,0.11,33.9562,-119.8234,"C",2003,85,"Gull Island SMR","SMR","Santa Cruz",0.152784072441445,0.00803549463553062,0.307692307692308,FALSE,TRUE,"INCLUDED"
"Gull Island SMR","M. franciscanus",0.247049344073146,0.29229878868216,1.13206834068261,0.626918550859995,"Mean","PISCO","Bio","N","Y","CI","NA","15",1.2979,0.0373,33.9562,-119.8234,"C",2003,85,"Gull Island SMR","SMR","Santa Cruz",0.085438581865058,0.0173853590203989,0.307692307692308,FALSE,TRUE,"INCLUDED"
"Harris Point SMR","M. franciscanus",-0.319800086073413,0.617951814172634,3.54986290905652,1.2587266549399,"Sigmoid","KFM","Bio","Y","Y","pBACIPS","N","36",NA,NA,34.053,-120.3424,"C",2003,85,"Harris Point SMR","SMR","San Miguel",0.38186444463925,2.73479474597713e-05,0.307692307692308,FALSE,TRUE,"INCLUDED"
"Harris Point SMR","M. franciscanus",0.0102947984512919,0.149666289975376,0.57965504856328,0.321002266369232,"Mean","PISCO","Bio","N","Y","CI","NA","15",1.4244,0.0666,34.053,-120.3424,"C",2003,85,"Harris Point SMR","SMR","San Miguel",0.0223999983549933,0.00676401495305583,0.307692307692308,FALSE,TRUE,"INCLUDED"
"Naples SMCA","M. franciscanus",1.09843151724292,0.205651030739821,0.682067306713829,0.458219051542418,"Mean","LTER","Bio","N","Y","CI","NA","11",NA,NA,34.4321,-119.9514,"ML",2012,121,"Naples SMCA","SMCA",NA,0.0422923464443508,5.72546202656929e-05,0.307692307692308,FALSE,TRUE,"INCLUDED"
"Naples SMCA","M. franciscanus",1.2056411635753,0.246907282973845,0.890236869047696,0.537964755881691,"Mean","PISCO","Bio","N","Y","CI","NA","13",2.2369,0.5411,34.4321,-119.9514,"ML",2012,121,"Naples SMCA","SMCA",NA,0.0609632063855264,0.000234657569831012,0.307692307692308,FALSE,TRUE,"INCLUDED"
"Point Vicente SMCA","M. franciscanus",0.25490397693051,0.126047023525603,0.471624776655443,0.272308038865142,"Mean","PISCO","Bio","N","Y","CI","NA","14",1.4068,0.0642,33.7403,-118.4087,"ML",2012,121,"Point Vicente SMCA","SMCA",NA,0.0158878521396639,0.0169710866240989,0.307692307692308,FALSE,TRUE,"INCLUDED"
"Scorpion SMR","M. franciscanus",0.065602183629134,0.147741142013368,0.626812580267383,0.311706562906688,"Mean","PISCO","Bio","N","Y","CI","NA","18",1.1607,0.0135,34.05428,-119.5669,"C",2003,85,"Scorpion SMR","SMR","Santa Cruz",0.0218274450434142,0.00481572846990756,0.307692307692308,FALSE,TRUE,"INCLUDED"
"South Point SMR","M. franciscanus",1.20226112452234,0.214285978723988,0.801784715174692,0.462936711954756,"Mean","PISCO","Bio","N","Y","CI","NA","14",1.94,0.3292,33.9022,-120.1391,"C",2003,85,"South Point SMR","SMR","Santa Rosa",0.0459184806776974,2.81347282954197e-09,0.307692307692308,FALSE,TRUE,"INCLUDED"
"South Point SMR","M. franciscanus",1.21264752139407,0.0960583731235056,0.396058818613206,0.203634654219092,"Mean","KFM","Bio","N","Y","CI","NA","17",1.6909,0.1714,33.9022,-120.1391,"C",2003,85,"South Point SMR","SMR","Santa Rosa",0.00922721104713462,0.000139495661034163,0.307692307692308,FALSE,TRUE,"INCLUDED"
"Abalone Cove SMCA","M. pyrifera",0.0928980342612576,0.439476004644354,1.58455326908127,0.957535957250012,"Mean","PISCO","Bio","N","Y","CI","NA","13",1.7465,0.2037,33.7392,-118.3857,"ML",2012,121,"Abalone Cove SMCA","SMCA",NA,0.193139158658164,0.142128593506431,0.121212121212121,TRUE,FALSE,"Outlier (Cook's D=0.1421 > 0.1212)"
"Abalone Cove SMCA","M. pyrifera",3.03865184314377,0.77987706870741,4.6138149594829,1.58490089082343,"Linear","Landsat","Bio","Y","Y","pBACIPS","N","36",1.4029,0.0212,33.7392,-118.3857,"ML",2012,121,"Abalone Cove SMCA","SMCA",NA,0.608208242295662,0.0231508004680742,0.121212121212121,FALSE,TRUE,"INCLUDED"
"Anacapa Island SMR 2003","M. pyrifera",0.111254218272157,1.8341577656866,7.56242620197272,3.88824076708683,"Mean","KFM","Bio","N","Y","CI","NA","17",1.4363,0.0648,34.008,-119.3983,"C",2003,85,"Anacapa Island SMR 2003","SMR","Anacapa",3.36413470942846,0.000185373738768077,0.121212121212121,FALSE,TRUE,"INCLUDED"
"Anacapa Island SMR 2003","M. pyrifera",1.53602595034663,0.405912387528616,1.62364955011446,0.865181773934951,"Mean","PISCO","Bio","N","Y","CI","NA","16",0.8125,0.001,34.008,-119.3983,"C",2003,85,"Anacapa Island SMR 2003","SMR","Anacapa",0.164764866349181,0.0389087336621703,0.121212121212121,FALSE,TRUE,"INCLUDED"
"Cabrillo SMR","M. pyrifera",-0.121346058407738,1.82584852041793,10.4887012086296,3.71913173134658,"Linear","Landsat","Bio","Y","Y","pBACIPS","N","34",1.7695,0.1934,32.6628,-117.2464,"ML",2012,121,"Cabrillo SMR","SMR",NA,3.33372281951234,0.00367654605950539,0.121212121212121,FALSE,TRUE,"INCLUDED"
"Campus Point SMCA","M. pyrifera",1.77885118910995,0.527349383470427,2.47348785916286,1.09668307887371,"Linear","LTER","Bio","Y","Y","pBACIPS","N","23",1.4792,0.0628,34.4049,-119.8651,"ML",2012,121,"Campus Point SMCA","SMCA",NA,0.27809737224664,0.0054616516076305,0.121212121212121,FALSE,TRUE,"INCLUDED"
"Campus Point SMCA","M. pyrifera",1.61689033836503,0.634315487054725,2.28705701339672,1.38205472125145,"Linear","PISCO","Bio","N","Y","CI","NA","14",1.9255,0.3181,34.4049,-119.8651,"ML",2012,121,"Campus Point SMCA","SMCA",NA,0.402356137117473,0.00107992077947024,0.121212121212121,FALSE,TRUE,"INCLUDED"
"Campus Point SMCA","M. pyrifera",0.430780580638753,0.487715386033246,2.92629231619948,0.99011487191577,"Linear","Landsat","Bio","Y","Y","pBACIPS","N","37",1.6158,0.0859,34.4049,-119.8651,"ML",2012,121,"Campus Point SMCA","SMCA",NA,0.237866297773558,0.0120290219970162,0.121212121212121,FALSE,TRUE,"INCLUDED"
"Carrington Pt SMR","M. pyrifera",2.54963676544019,0.626830943951743,3.76098566371046,1.27253446898908,"Linear","Landsat","Bio","Y","Y","pBACIPS","N","37",1.6895,0.1277,34.027,-120.0473,"C",2003,85,"Carrington Pt SMR","SMR","",0.392917032295433,0.112991026731471,0.121212121212121,FALSE,TRUE,"INCLUDED"
"Farnsworth Onshore SMCA","M. pyrifera",-1.90669813627989,0.97374783184018,4.66993054769655,2.01942940338329,"Linear","Landsat","Bio","Y","Y","pBACIPS","N","24",2.3879,0.7728,33.3339,-118.473,"C",2012,121,"Farnsworth Onshore SMCA","SMCA","Catalina",0.948184840013451,0.134373614789092,0.121212121212121,TRUE,FALSE,"Outlier (Cook's D=0.1344 > 0.1212)"
"Gull Island SMR","M. pyrifera",0.881113226291068,0.282482971749681,1.69489783049809,0.573470920544745,"Linear","Landsat","Bio","Y","Y","pBACIPS","N","37",1.8826,0.2952,33.9562,-119.8234,"C",2003,85,"Gull Island SMR","SMR","Santa Cruz",0.0797966293285311,0.031574374799737,0.121212121212121,FALSE,TRUE,"INCLUDED"
"Gull Island SMR","M. pyrifera",5.23478763939902,1.38504464680598,7.8349956960211,2.82481718102017,"Linear","KFM","Bio","Y","Y","pBACIPS","N","33",1.7906,0.2119,33.9562,-119.8234,"C",2003,85,"Gull Island SMR","SMR","Santa Cruz",1.9183486736459,0.000942898032328767,0.121212121212121,FALSE,TRUE,"INCLUDED"
"Gull Island SMR","M. pyrifera",1.67565957137715,0.51084824568536,1.97850674797868,1.09566051689212,"Linear","PISCO","Bio","N","Y","CI","NA","16",1.2742,0.0311,33.9562,-119.8234,"C",2003,85,"Gull Island SMR","SMR","Santa Cruz",0.26096593011981,0.00118224006761832,0.121212121212121,FALSE,TRUE,"INCLUDED"
"Harris Point SMR","M. pyrifera",-0.566388352444474,0.345636207842392,1.42509459297212,0.732716028607825,"Mean","PISCO","Bio","N","Y","CI","NA","17",0.8679,0.0015,34.053,-120.3424,"C",2003,85,"Harris Point SMR","SMR","San Miguel",0.119464388171669,0.0490862894298731,0.121212121212121,FALSE,TRUE,"INCLUDED"
"Harris Point SMR","M. pyrifera",0.746752685696359,0.527825478648335,3.12265764323629,1.07267043086107,"Linear","Landsat","Bio","Y","Y","pBACIPS","N","36",0.9379,1e-04,34.053,-120.3424,"C",2003,85,"Harris Point SMR","SMR","San Miguel",0.278599735910344,0.00696033708135873,0.121212121212121,FALSE,TRUE,"INCLUDED"
"Matlahuayl SMR","M. pyrifera",1.96203786047965,0.577594938538668,1.52817256590295,1.41332390027162,"Mean","PISCO","Bio","N","Y","CI","NA","7",1.6451,0.1398,32.85167,-117.2783,"ML",2012,121,"Matlahuayl SMR","SMR",NA,0.333615913025488,0.0547700538798685,0.121212121212121,FALSE,TRUE,"INCLUDED"
"Naples SMCA","M. pyrifera",3.71294985947691,1.0927172774133,5.1252983390107,2.27242997848184,"Linear","LTER","Bio","Y","Y","pBACIPS","N","23",1.0094,0.0023,34.4321,-119.9514,"ML",2012,121,"Naples SMCA","SMCA",NA,1.19403104835753,0.00118062729270087,0.121212121212121,FALSE,TRUE,"INCLUDED"
"Naples SMCA","M. pyrifera",-0.715160809149469,0.208075142390672,0.778545893530098,0.44951901580984,"Mean","PISCO","Bio","N","Y","CI","NA","14",1.2502,0.0312,34.4321,-119.9514,"ML",2012,121,"Naples SMCA","SMCA",NA,0.0432952648808984,0.158889327005726,0.121212121212121,TRUE,FALSE,"Outlier (Cook's D=0.1589 > 0.1212)"
"Naples SMCA","M. pyrifera",-0.0921697354669477,0.746358538781738,4.47815123269043,1.51518838689815,"Linear","Landsat","Bio","Y","Y","pBACIPS","N","37",1.7807,0.1975,34.4321,-119.9514,"ML",2012,121,"Naples SMCA","SMCA",NA,0.557051068412411,5.10104775798486e-05,0.121212121212121,FALSE,TRUE,"INCLUDED"
"Point Dume SMCA","M. pyrifera",0.23939379378832,0.493289358565874,2.95973615139525,1.00143063774611,"Linear","Landsat","Bio","Y","Y","pBACIPS","N","37",2.5171,0.9249,34.0344,-118.872,"ML",2012,121,"Point Dume SMCA","SMCA",NA,0.243334391274331,0.0156294653266369,0.121212121212121,FALSE,TRUE,"INCLUDED"
"Point Dume SMR","M. pyrifera",1.0933364193869,1.03343107531993,6.2005864519196,2.09797661930728,"Linear","Landsat","Bio","Y","Y","pBACIPS","N","37",1.8705,0.2833,34.0079,-118.7917,"ML",2012,121,"Point Dume SMR","SMR",NA,1.06797978743691,0.00145929157079043,0.121212121212121,FALSE,TRUE,"INCLUDED"
"Point Vicente SMCA","M. pyrifera",-0.528666845775013,0.331615794072522,1.28434244778223,0.711245140630037,"Mean","PISCO","Bio","N","Y","CI","NA","15",2.1675,0.5104,33.7403,-118.4087,"ML",2012,121,"Point Vicente SMCA","SMCA",NA,0.109969034878349,0.159727265670499,0.121212121212121,TRUE,FALSE,"Outlier (Cook's D=0.1597 > 0.1212)"
"Point Vicente SMCA","M. pyrifera",1.829918108139,0.765500293085472,4.46359538447136,1.55742205648434,"Linear","Landsat","Bio","Y","Y","pBACIPS","N","35",1.7214,0.1544,33.7403,-118.4087,"ML",2012,121,"Point Vicente SMCA","SMCA",NA,0.585990698713943,0.00678450932530826,0.121212121212121,FALSE,TRUE,"INCLUDED"
"Santa Barbara Island SMR","M. pyrifera",3.91465254834454,1.12529421347562,6.7517652808537,2.28446870439108,"Linear","KFM","Bio","N","Y","CI","NA","37",1.0752,7e-04,33.4658,-119.0306,"C",2003,85,"Santa Barbara Island SMR","SMR","Santa Barbara",1.26628706688171,0.00526772345364717,0.121212121212121,FALSE,TRUE,"INCLUDED"
"Santa Barbara Island SMR","M. pyrifera",2.039103037533,0.496280548956125,2.97768329373675,1.00750307707226,"Linear","Landsat","Bio","Y","Y","pBACIPS","N","37",1.4215,0.023,33.4658,-119.0306,"C",2003,85,"Santa Barbara Island SMR","SMR","Santa Barbara",0.246294383272193,0.00288815670039934,0.121212121212121,FALSE,TRUE,"INCLUDED"
"Scorpion SMR","M. pyrifera",3.93120423512664,1.82680089824874,10.4941722027418,3.72107166150571,"Sigmoid","KFM","Bio","Y","Y","pBACIPS","N","36",NA,NA,34.05428,-119.5669,"C",2003,85,"Scorpion SMR","SMR","Santa Cruz",3.3372015218424,0.00122481632689285,0.121212121212121,FALSE,TRUE,"INCLUDED"
"Scorpion SMR","M. pyrifera",2.5680403778635,0.611798420693381,2.66676748962023,1.28534078621938,"Linear","PISCO","Bio","N","Y","CI","NA","20",1.3299,0.0324,34.05428,-119.5669,"C",2003,85,"Scorpion SMR","SMR","Santa Cruz",0.374297307562915,0.0341961144929382,0.121212121212121,FALSE,TRUE,"INCLUDED"
"Skunk Pt SMR","M. pyrifera",0.77733328079726,0.611011768380126,3.61479437014961,1.24172531141902,"Linear","Landsat","Bio","Y","Y","pBACIPS","N","36",1.6642,0.1139,33.9588,-119.9733,"C",2003,85,"Skunk Point SMR","SMR","Santa Rosa",0.373335381099009,4.36676695914844e-05,0.121212121212121,FALSE,TRUE,"INCLUDED"
"South La Jolla SMR","M. pyrifera",3.05811754677068,1.48188268622477,8.76693620089973,3.01154795253328,"Linear","Landsat","Bio","Y","Y","pBACIPS","N","36",1.4752,0.0362,32.8121,-117.288,"ML",2012,121,"South La Jolla SMR","SMR",NA,2.19597629573274,0.0370245129154185,0.121212121212121,FALSE,TRUE,"INCLUDED"
"South Point SMR","M. pyrifera",3.77105868092256,1.47499560491357,5.8999824196543,3.1438787117957,"Linear","KFM","Bio","N","Y","CI","NA","17",1.2479,0.0251,33.9022,-120.1391,"C",2003,85,"South Point SMR","SMR","Santa Rosa",2.17561203451435,0.000198775582839247,0.121212121212121,FALSE,TRUE,"INCLUDED"
"South Point SMR","M. pyrifera",0.597685618416086,0.287899117992049,1.1515964719682,0.613642444211213,"Mean","PISCO","Bio","N","Y","CI","NA","16",1.2261,0.0239,33.9022,-120.1391,"C",2003,85,"South Point SMR","SMR","Santa Rosa",0.0828859021405997,0.00211624138727793,0.121212121212121,FALSE,TRUE,"INCLUDED"
"South Point SMR","M. pyrifera",0.0177530689128501,0.257398252554687,1.54438951532812,0.522546233229054,"Linear","Landsat","Bio","Y","Y","pBACIPS","N","37",1.255,0.0053,33.9022,-120.1391,"C",2003,85,"South Point SMR","SMR","Santa Rosa",0.0662538604182064,0.00883930852054839,0.121212121212121,FALSE,TRUE,"INCLUDED"
"Swamis SMCA","M. pyrifera",-1.82292323946135,1.09165885900652,6.54995315403912,2.21618530461386,"Linear","Landsat","Bio","Y","Y","pBACIPS","N","37",1.5673,0.0642,33.0212,-117.2936,"ML",2012,121,"Swamis SMCA","SMCA",NA,1.19171906444742,0.102170703192838,0.121212121212121,FALSE,TRUE,"INCLUDED"
"Abalone Cove SMCA","P. interruptus",-1.6739979745077,0.599413150201335,2.07642806174725,1.31929944835692,"Mean","PISCO","Bio","N","Y","CI","NA","12",1.6405,0.1509,33.7392,-118.3857,"ML",2012,121,"Abalone Cove SMCA","SMCA",NA,0.359296124634288,0.69547221627937,0.571428571428571,TRUE,FALSE,"Outlier (Cook's D=0.6955 > 0.5714)"
"Campus Point SMCA","P. interruptus",2.96831006680995,0.907209932700748,3.27099192996278,1.97664064056993,"Linear","PISCO","Bio","N","Y","CI","NA","14",1.7475,0.2051,34.4049,-119.8651,"ML",2012,121,"Campus Point SMCA","SMCA",NA,0.823029861990896,0.0369291550743067,0.571428571428571,FALSE,TRUE,"INCLUDED"
"Campus Point SMCA","P. interruptus",1.65621669519275,0.700682617586032,2.32390133965695,1.56121816315488,"Linear","LTER","Bio","Y","Y","pBACIPS","N","12",1.4691,0.0863,34.4049,-119.8651,"ML",2012,121,"Campus Point SMCA","SMCA",NA,0.490956130587214,0.0122483438154821,0.571428571428571,FALSE,TRUE,"INCLUDED"
"Matlahuayl SMR","P. interruptus",0.231679371084299,0.647266408757467,1.71250594957814,1.58380384643669,"Mean","PISCO","Bio","N","Y","CI","NA","7",2.6467,0.6934,32.85167,-117.2783,"ML",2012,121,"Matlahuayl SMR","SMR",NA,0.418953803905788,0.00424206349322631,0.571428571428571,FALSE,TRUE,"INCLUDED"
"Naples SMCA","P. interruptus",0.848073376893467,0.313601986954013,1.0863491495178,0.690233319461033,"Mean","LTER","Bio","N","Y","CI","NA","12",NA,NA,34.4321,-119.9514,"ML",2012,121,"Naples SMCA","SMCA",NA,0.0983462062215049,0.00290619721378828,0.571428571428571,FALSE,TRUE,"INCLUDED"
"Naples SMCA","P. interruptus",1.14760594018068,0.430154064263363,1.60948913200184,0.929291357884651,"Mean","PISCO","Bio","N","Y","CI","NA","14",2.0401,0.4016,34.4321,-119.9514,"ML",2012,121,"Naples SMCA","SMCA",NA,0.185032519002289,0.00174984579602884,0.571428571428571,FALSE,TRUE,"INCLUDED"
"Point Vicente SMCA","P. interruptus",0.392444950794584,0.478623357857883,1.65799994699815,1.05344290791843,"Mean","PISCO","Bio","N","Y","CI","NA","12",2.782,0.8674,33.7403,-118.4087,"ML",2012,121,"Point Vicente SMCA","SMCA",NA,0.229080318687155,1.11568309838594e-05,0.571428571428571,FALSE,TRUE,"INCLUDED"
"Abalone Cove SMCA","S. pulcher",2.35333338832931,0.91394094814147,3.29526095127024,1.99130626336887,"Linear","PISCO","Bio","N","Y","CI","NA","14",1.48,0.0858,33.7392,-118.3857,"ML",2012,121,"Abalone Cove SMCA","SMCA",NA,0.835288056689729,0.0494101883209155,0.222222222222222,FALSE,TRUE,"INCLUDED"
"Anacapa Island SMR 2003","S. pulcher",0.378255322810763,0.130203807086084,0.567545237152505,0.273548048030446,"Mean","PISCO","Bio","N","Y","CI","NA","19",1.7657,0.2138,34.008,-119.3983,"C",2003,85,"Anacapa Island SMR 2003","SMR","Anacapa",0.0169530313797102,0.0775448703469975,0.222222222222222,FALSE,TRUE,"INCLUDED"
"Blue Cavern Onshore SMCA","S. pulcher",1.67150469576155,0.545237148392157,1.54216353993164,1.28928098395739,"Mean","PISCO","Bio","N","Y","CI","NA","8",2.4994,0.619,33.4466,-118.4764,"C",2012,121,"Blue Cavern Onshore SMCA","SMCA","Catalina",0.297283547986811,0.0341495427284348,0.222222222222222,FALSE,TRUE,"INCLUDED"
"Campus Point SMCA","S. pulcher",-2.23535873718328,1.63328582350108,7.48465591769199,3.40697452676078,"Linear","LTER","Bio","Y","Y","pBACIPS","N","22",2.0359,0.4385,34.4049,-119.8651,"ML",2012,121,"Campus Point SMCA","SMCA",NA,2.6676225812496,0.000189905078206655,0.222222222222222,FALSE,TRUE,"INCLUDED"
"Campus Point SMCA","S. pulcher",0.088600222440882,0.276879057076399,1.0723479769705,0.593846515780694,"Mean","PISCO","Bio","N","Y","CI","NA","15",1.2869,0.0353,34.4049,-119.8651,"ML",2012,121,"Campus Point SMCA","SMCA",NA,0.0766620122475158,0.0212625611033288,0.222222222222222,FALSE,TRUE,"INCLUDED"
"Cat Harbor SMCA","S. pulcher",0.663044470837762,0.152562741446916,0.431512596134097,0.360753558314857,"Mean","PISCO","Bio","N","Y","CI","NA","8",2.242,0.4637,33.42609,-118.5118,"C",2012,121,"Cat Harbor SMCA","SMCA","Catalina",0.0232753900777985,0.0324398298072827,0.222222222222222,FALSE,TRUE,"INCLUDED"
"Dana Point SMCA","S. pulcher",-0.0999950571962442,0.799132283638559,2.11430528715076,1.95540625546773,"Mean","PISCO","Bio","N","Y","CI","NA","7",1.6813,0.1539,33.4687,-117.7251,"ML",2012,121,"Dana Point SMCA","SMCA",NA,0.638612406753378,0.0392350559899638,0.222222222222222,FALSE,TRUE,"INCLUDED"
"Farnsworth Onshore SMCA","S. pulcher",0.380494869850156,0.24305273608277,0.595355183990132,0.624786948476076,"Mean","PISCO","Bio","N","Y","CI","NA","6",2.6423,0.6405,33.3339,-118.473,"C",2012,121,"Farnsworth Onshore SMCA","SMCA","Catalina",0.0590746325173206,0.0665231882276122,0.222222222222222,FALSE,TRUE,"INCLUDED"
"Gull Island SMR","S. pulcher",0.629671775063508,0.142483744649979,0.621072244026513,0.299347239511217,"Linear","PISCO","Bio","N","Y","CI","NA","20",1.5778,0.1077,33.9562,-119.8234,"C",2003,85,"Gull Island SMR","SMR","Santa Cruz",0.0203016174894804,0.037399483114577,0.222222222222222,FALSE,TRUE,"INCLUDED"
"Harris Point SMR","S. pulcher",2.52548915039614,0.610772300474635,2.51827870805841,1.29477943639374,"Mean","PISCO","Bio","N","Y","CI","NA","17",2.4622,0.7602,34.053,-120.3424,"C",2003,85,"Harris Point SMR","SMR","San Miguel",0.373042803027078,0.195502704812813,0.222222222222222,FALSE,TRUE,"INCLUDED"
"Long Point SMR","S. pulcher",1.52774430369948,0.373914824774826,1.05759083273784,0.88416806269262,"Mean","PISCO","Bio","N","Y","CI","NA","8",2.8419,0.8123,33.24,-118.21,"C",2012,121,"Long Point SMR","SMR","Catalina",0.139812296186389,0.0330307904600109,0.222222222222222,FALSE,TRUE,"INCLUDED"
"Matlahuayl SMR","S. pulcher",0.319144598866381,0.451483265048137,1.19451244042483,1.10473975183991,"Mean","PISCO","Bio","N","Y","CI","NA","7",1.2474,0.0386,32.85167,-117.2783,"ML",2012,121,"Matlahuayl SMR","SMR",NA,0.203837138618526,0.0488379139035288,0.222222222222222,FALSE,TRUE,"INCLUDED"
"Naples SMCA","S. pulcher",2.05121144139474,0.204879764797799,0.793495917036768,0.43942339216205,"Mean","PISCO","Bio","N","Y","CI","NA","15",1.1381,0.0155,34.4321,-119.9514,"ML",2012,121,"Naples SMCA","SMCA",NA,0.0419757180236014,0.521168295894146,0.222222222222222,TRUE,FALSE,"Outlier (Cook's D=0.5212 > 0.2222)"
"Point Vicente SMCA","S. pulcher",1.27272736874076,0.379958803729627,1.56661028116058,0.805476681512204,"Linear","PISCO","Bio","N","Y","CI","NA","18",1.7589,0.2107,33.7403,-118.4087,"ML",2012,121,"Point Vicente SMCA","SMCA",NA,0.144368692531649,0.00492778950935551,0.222222222222222,FALSE,TRUE,"INCLUDED"
"Santa Barbara Island SMR","S. pulcher",0.565992214335597,0.130227096571101,0.390681289713304,0.300304223208592,"Linear","PISCO","Bio","N","Y","CI","NA","10",1.6492,0.1546,33.4658,-119.0306,"C",2003,85,"Santa Barbara Island SMR","SMR","Santa Barbara",0.0169590966813389,0.0472630995162312,0.222222222222222,FALSE,TRUE,"INCLUDED"
"Scorpion SMR","S. pulcher",0.510219487231127,0.0681497138598007,0.304774785675348,0.142638990409606,"Mean","PISCO","Bio","N","Y","CI","NA","20",1.5526,0.097,34.05428,-119.5669,"C",2003,85,"Scorpion SMR","SMR","Santa Cruz",0.00464438349917271,0.058608691810149,0.222222222222222,FALSE,TRUE,"INCLUDED"
"South Point SMR","S. pulcher",0.841340159656647,0.107440886130272,0.480490249900204,0.224876359097603,"Mean","PISCO","Bio","N","Y","CI","NA","20",2.0007,0.3989,33.9022,-120.1391,"C",2003,85,"South Point SMR","SMR","Santa Rosa",0.0115435440124581,0.0127795774571692,0.222222222222222,FALSE,TRUE,"INCLUDED"
"Swamis SMCA","S. pulcher",3.08363626189205,0.776375705361621,2.05409704033921,1.89972291439039,"Mean","PISCO","Bio","N","Y","CI","NA","7",2.046,0.3277,33.0212,-117.2936,"ML",2012,121,"Swamis SMCA","SMCA",NA,0.602759235875755,0.207270882994494,0.222222222222222,FALSE,TRUE,"INCLUDED"
"Abalone Cove SMCA","S. purpuratus",0.212894721304602,0.470983798878652,1.6981562367698,1.02618554356222,"Mean","PISCO","Bio","N","Y","CI","NA","13",1.8205,0.2462,33.7392,-118.3857,"ML",2012,121,"Abalone Cove SMCA","SMCA",NA,0.221825738806167,0.131340922793606,0.4,FALSE,TRUE,"INCLUDED"
"Anacapa Island SMR 2003","S. purpuratus",-2.24542950659313,0.82482011713088,3.29928046852352,1.75806246382718,"Linear","KFM","Bio","N","Y","CI","NA","17",1.0632,0.0077,34.008,-119.3983,"C",2003,85,"Anacapa Island SMR 2003","SMR","Anacapa",0.680328225623799,0.082378421319993,0.4,FALSE,TRUE,"INCLUDED"
"Campus Point SMCA","S. purpuratus",-1.76743769202537,0.699238370773006,2.31911131487347,1.55800018071892,"Linear","PISCO","Bio","N","Y","CI","NA","12",1.6482,0.1544,34.4049,-119.8651,"ML",2012,121,"Campus Point SMCA","SMCA",NA,0.488934299161288,0.0632731972665135,0.4,FALSE,TRUE,"INCLUDED"
"Gull Island SMR","S. purpuratus",-1.5177742943479,0.490686500140444,1.83598076784075,1.06006373505284,"Linear","PISCO","Bio","N","Y","CI","NA","15",1.1466,0.0164,33.9562,-119.8234,"C",2003,85,"Gull Island SMR","SMR","Santa Cruz",0.240773241420078,0.12734562689317,0.4,FALSE,TRUE,"INCLUDED"
"Harris Point SMR","S. purpuratus",-1.03843647144045,0.241175465467824,0.934068561270704,0.517269927787769,"Mean","PISCO","Bio","N","Y","CI","NA","15",0.9184,0.0033,34.053,-120.3424,"C",2003,85,"Harris Point SMR","SMR","San Miguel",0.0581656051436216,0.00201860236396769,0.4,FALSE,TRUE,"INCLUDED"
"Naples SMCA","S. purpuratus",-0.72670966059602,0.158598738354546,0.571835883361213,0.345556965895921,"Mean","PISCO","Bio","N","Y","CI","NA","13",1.6644,0.1617,34.4321,-119.9514,"ML",2012,121,"Naples SMCA","SMCA",NA,0.0251535598076537,0.295068688191105,0.4,FALSE,TRUE,"INCLUDED"
"Point Vicente SMCA","S. purpuratus",-0.484646815533553,0.289267204193494,1.08233877132203,0.624923801282247,"Mean","PISCO","Bio","N","Y","CI","NA","14",2.0296,0.3941,33.7403,-118.4087,"ML",2012,121,"Point Vicente SMCA","SMCA",NA,0.0836755154219205,0.238970018212534,0.4,FALSE,TRUE,"INCLUDED"
"Scorpion SMR","S. purpuratus",-0.952137163179474,0.382182953103518,1.57578068395629,0.810191667556176,"Linear","PISCO","Bio","N","Y","CI","NA","18",0.6138,1e-04,34.05428,-119.5669,"C",2003,85,"Scorpion SMR","SMR","Santa Cruz",0.146063809642926,0.00843118255695964,0.4,FALSE,TRUE,"INCLUDED"
"South Point SMR","S. purpuratus",-1.38624633655589,0.532030559917707,1.91826346389711,1.15919500972374,"Linear","PISCO","Bio","N","Y","CI","NA","14",2.1978,0.5245,33.9022,-120.1391,"C",2003,85,"South Point SMR","SMR","Santa Rosa",0.283056516686349,0.0449939343834728,0.4,FALSE,TRUE,"INCLUDED"
"South Point SMR","S. purpuratus",-0.95058732438157,0.288757618116059,1.15503047246424,0.615472293910397,"Linear","KFM","Bio","N","Y","CI","NA","17",1.4229,0.061,33.9022,-120.1391,"C",2003,85,"South Point SMR","SMR","Santa Rosa",0.0833809620200598,0.0495109096868041,0.4,FALSE,TRUE,"INCLUDED"
"Abalone Cove SMCA","M. franciscanus",-2.41617028824843,0.348117740360168,1.20591522663976,0.766201980497365,"Linear","PISCO","Den","N","Y","CI","NA","13",2.627,0.8064,33.7392,-118.3857,"ML",2012,121,"Abalone Cove SMCA","SMCA",NA,0.121185961153469,0.0816957697806446,0.307692307692308,FALSE,TRUE,"INCLUDED"
"Anacapa Island SMR 2003","M. franciscanus",-1.22790073669812,0.258016575422269,0.999293899655919,0.553390516227823,"Linear","PISCO","Den","N","Y","CI","NA","16",1.3033,0.036,34.008,-119.3983,"C",2003,85,"Anacapa Island SMR 2003","SMR","Anacapa",0.0665725531926354,0.0430278457609894,0.307692307692308,FALSE,TRUE,"INCLUDED"
"Anacapa Island SMR 2003","M. franciscanus",-2.73578986503017,0.430226651268085,1.72090660507234,0.917006400333064,"Linear","KFM","Den","N","Y","CI","NA","17",1.7098,0.182,34.008,-119.3983,"C",2003,85,"Anacapa Island SMR 2003","SMR","Anacapa",0.18509497146135,0.00572626145222132,0.307692307692308,FALSE,TRUE,"INCLUDED"
"Campus Point SMCA","M. franciscanus",-1.04477485216778,0.3685622006935,1.32886991279826,0.803028051401386,"Linear","PISCO","Den","N","Y","CI","NA","14",1.9455,0.3322,34.4049,-119.8651,"ML",2012,121,"Campus Point SMCA","SMCA",NA,0.135838095780036,2.46299605259313e-05,0.307692307692308,FALSE,TRUE,"INCLUDED"
"Gull Island SMR","M. franciscanus",-0.890842125685581,0.362707726614915,1.40476098472032,0.7779307036486,"Linear","PISCO","Den","N","Y","CI","NA","16",1.7148,0.1862,33.9562,-119.8234,"C",2003,85,"Gull Island SMR","SMR","Santa Cruz",0.13155689494616,0.00121532897989797,0.307692307692308,FALSE,TRUE,"INCLUDED"
"Harris Point SMR","M. franciscanus",-0.532298880127284,0.368118910811718,2.29890186119177,0.745217774672872,"Linear","KFM","Den","Y","Y","pBACIPS","N","40",0.9758,1e-04,34.053,-120.3424,"C",2003,85,"Harris Point SMR","SMR","San Miguel",0.135511532497206,0.000216545780894167,0.307692307692308,FALSE,TRUE,"INCLUDED"
"Harris Point SMR","M. franciscanus",0.533128917141583,0.115688703729682,0.476996745168267,0.245249096096591,"Mean","PISCO","Den","N","Y","CI","NA","17",1.5175,0.0913,34.053,-120.3424,"C",2003,85,"Harris Point SMR","SMR","San Miguel",0.0133838761706541,0.0262818557184135,0.307692307692308,FALSE,TRUE,"INCLUDED"
"Matlahuayl SMR","M. franciscanus",-6.3229948141728,1.06615959875972,2.61154700133177,2.74065049846105,"Linear","PISCO","Den","N","Y","CI","NA","7",2.6679,0.7055,32.85167,-117.2783,"ML",2012,121,"Matlahuayl SMR","SMR",NA,1.13669629002749,0.659135630998212,0.307692307692308,TRUE,FALSE,"Outlier (Cook's D=0.6591 > 0.3077)"
"Naples SMCA","M. franciscanus",1.06940405086207,0.165320511301322,0.618572712295837,0.357153250885779,"Mean","PISCO","Den","N","Y","CI","NA","14",1.9509,0.3361,34.4321,-119.9514,"ML",2012,121,"Naples SMCA","SMCA",NA,0.0273308714569305,0.147084525079199,0.307692307692308,FALSE,TRUE,"INCLUDED"
"Point Vicente SMCA","M. franciscanus",0.200397776833367,0.123389785960522,0.477886586117198,0.264644770353154,"Mean","PISCO","Den","N","Y","CI","NA","15",0.8168,0.0013,33.7403,-118.4087,"ML",2012,121,"Point Vicente SMCA","SMCA",NA,0.0152250392793834,0.0584193615911585,0.307692307692308,FALSE,TRUE,"INCLUDED"
"Scorpion SMR","M. franciscanus",-0.456895059585838,0.157458799529481,0.68634699492024,0.330808662361383,"Linear","PISCO","Den","N","Y","CI","NA","20",1.8963,0.31,34.05428,-119.5669,"C",2003,85,"Scorpion SMR","SMR","Santa Cruz",0.0247932735492653,0.0144573598747194,0.307692307692308,FALSE,TRUE,"INCLUDED"
"South Point SMR","M. franciscanus",0.575850767882471,0.184155331939181,0.736621327756725,0.392517798574177,"Mean","PISCO","Den","N","Y","CI","NA","16",1.8686,0.2845,33.9022,-120.1391,"C",2003,85,"South Point SMR","SMR","Santa Rosa",0.0339131862816299,9.02377869016417e-07,0.307692307692308,FALSE,TRUE,"INCLUDED"
"South Point SMR","M. franciscanus",0.609436561145352,0.0970411912272474,0.400111081465703,0.205718135525385,"Mean","KFM","Den","N","Y","CI","NA","17",1.3852,0.0512,33.9022,-120.1391,"C",2003,85,"South Point SMR","SMR","Santa Rosa",0.0094169927948032,3.67573746194561e-05,0.307692307692308,FALSE,TRUE,"INCLUDED"
"Abalone Cove SMCA","P. interruptus",-0.888501606427588,0.45681704395618,1.64707727548989,0.995318836182384,"Mean","PISCO","Den","N","Y","CI","NA","13",1.5635,0.1177,33.7392,-118.3857,"ML",2012,121,"Abalone Cove SMCA","SMCA",NA,0.208681811648862,0.235834802317764,0.235294117647059,TRUE,FALSE,"Outlier (Cook's D=0.2358 > 0.2353)"
"Anacapa Island SMR 2003","P. interruptus",2.08486886339505,0.237810545474044,0.951242181896174,0.506881179079972,"Mean","PISCO","Den","N","Y","CI","NA","16",2.6301,0.8496,34.008,-119.3983,"C",2003,85,"Anacapa Island SMR 2003","SMR","Anacapa",0.0565538555386624,0.0296439726972389,0.235294117647059,FALSE,TRUE,"INCLUDED"
"Anacapa Island SMR 2003","P. interruptus",3.34581387047378,0.300428554094358,1.23869866148263,0.636880083862008,"Mean","KFM","Den","N","Y","CI","NA","17",1.151,0.014,34.008,-119.3983,"C",2003,85,"Anacapa Island SMR 2003","SMR","Anacapa",0.0902573161152266,0.0163091428605427,0.235294117647059,FALSE,TRUE,"INCLUDED"
"Campus Point SMCA","P. interruptus",2.3747333068447,0.774830306602016,2.79369040023705,1.68821021283946,"Linear","PISCO","Den","N","Y","CI","NA","14",1.674,0.1659,34.4049,-119.8651,"ML",2012,121,"Campus Point SMCA","SMCA",NA,0.600362004028974,0.00298791950789325,0.235294117647059,FALSE,TRUE,"INCLUDED"
"Campus Point SMCA","P. interruptus",-0.055264484635128,0.231363567012316,0.801466906171397,0.509227777579975,"Mean","LTER","Den","N","Y","CI","NA","12",NA,NA,34.4049,-119.8651,"ML",2012,121,"Campus Point SMCA","SMCA",NA,0.0535291001406624,0.246614151298882,0.235294117647059,TRUE,FALSE,"Outlier (Cook's D=0.2466 > 0.2353)"
"Gull Island SMR","P. interruptus",2.10338474550649,0.367257903228888,1.46903161291555,0.782791690940449,"Mean","PISCO","Den","N","Y","CI","NA","16",2.2412,0.5803,33.9562,-119.8234,"C",2003,85,"Gull Island SMR","SMR","Santa Cruz",0.134878367484079,0.0925287381613763,0.235294117647059,FALSE,TRUE,"INCLUDED"
"Gull Island SMR","P. interruptus",0.166827772810724,0.48117924771667,2.76416433272245,0.980130053855134,"Sigmoid","KFM","Den","Y","Y","pBACIPS","N","36",NA,NA,33.9562,-119.8234,"C",2003,85,"Gull Island SMR","SMR","Santa Cruz",0.23153346843318,0.0289688951841924,0.235294117647059,FALSE,TRUE,"INCLUDED"
"Harris Point SMR","P. interruptus",0.693628317322497,0.264098858179429,1.05639543271771,0.562913391249399,"Linear","PISCO","Den","N","Y","CI","NA","17",2.867,0.95,34.053,-120.3424,"C",2003,85,"Harris Point SMR","SMR","San Miguel",0.0697482068916782,0.00411228908400976,0.235294117647059,FALSE,TRUE,"INCLUDED"
"Matlahuayl SMR","P. interruptus",-0.109144843978447,0.375820204104144,0.9943267977331,0.91959891132215,"Mean","PISCO","Den","N","Y","CI","NA","7",2.5471,0.6342,32.85167,-117.2783,"ML",2012,121,"Matlahuayl SMR","SMR",NA,0.14124082581288,0.0830157063396941,0.235294117647059,FALSE,TRUE,"INCLUDED"
"Naples SMCA","P. interruptus",0.558605399030711,0.298595644474414,1.03436565429692,0.657204582356184,"Mean","LTER","Den","N","Y","CI","NA","12",NA,NA,34.4321,-119.9514,"ML",2012,121,"Naples SMCA","SMCA",NA,0.0891593588990906,9.75161417193878e-05,0.235294117647059,FALSE,TRUE,"INCLUDED"
"Naples SMCA","P. interruptus",0.610412903447725,0.298384907711769,1.1164540940416,0.644621402182049,"Mean","PISCO","Den","N","Y","CI","NA","14",2.1193,0.4623,34.4321,-119.9514,"ML",2012,121,"Naples SMCA","SMCA",NA,0.0890335531501609,1.50076465324989e-05,0.235294117647059,FALSE,TRUE,"INCLUDED"
"Point Vicente SMCA","P. interruptus",-0.28802944974392,0.38574044946365,1.49396633673128,0.827330981001066,"Mean","PISCO","Den","N","Y","CI","NA","15",2.561,0.7984,33.7403,-118.4087,"ML",2012,121,"Point Vicente SMCA","SMCA",NA,0.148795694352419,0.11408376282601,0.235294117647059,FALSE,TRUE,"INCLUDED"
"Santa Barbara Island SMR","P. interruptus",1.99166001901206,0.340628044524764,2.12722145625551,0.689565425400679,"Linear","KFM","Den","Y","Y","pBACIPS","N","40",1.4677,0.0287,33.4658,-119.0306,"C",2003,85,"Santa Barbara Island SMR","SMR","Santa Barbara",0.116027464716765,0.0866138302184142,0.235294117647059,FALSE,TRUE,"INCLUDED"
"Scorpion SMR","P. interruptus",2.63532213348811,0.256021858912652,1.1449645605091,0.535859909158511,"Mean","PISCO","Den","N","Y","CI","NA","20",2.2694,0.6411,34.05428,-119.5669,"C",2003,85,"Scorpion SMR","SMR","Santa Cruz",0.0655471922410899,0.000539832677785513,0.235294117647059,FALSE,TRUE,"INCLUDED"
"Scorpion SMR","P. interruptus",2.59713110576483,0.307201866648763,1.89371948850784,0.622450106832197,"Linear","KFM","Den","Y","Y","pBACIPS","N","39",2.2178,0.6972,34.05428,-119.5669,"C",2003,85,"Scorpion SMR","SMR","Santa Cruz",0.0943729868724844,2.3243919599943e-05,0.235294117647059,FALSE,TRUE,"INCLUDED"
"South Point SMR","P. interruptus",0.892415042417804,0.261137903652201,1.07669915961039,0.553587625779831,"Mean","KFM","Den","N","Y","CI","NA","17",2.191,0.548,33.9022,-120.1391,"C",2003,85,"South Point SMR","SMR","Santa Rosa",0.0681930047238662,0.0787393524268548,0.235294117647059,FALSE,TRUE,"INCLUDED"
"South Point SMR","P. interruptus",2.57563465799428,0.420150267903034,1.62723499049304,0.901132701523526,"Linear","PISCO","Den","N","Y","CI","NA","16",1.2341,0.025,33.9022,-120.1391,"C",2003,85,"South Point SMR","SMR","Santa Rosa",0.176526247618991,0.0155111874639395,0.235294117647059,FALSE,TRUE,"INCLUDED"
"Abalone Cove SMCA","S. pulcher",1.48079359108793,0.58184253853584,2.09786310693711,1.26772598780804,"Linear","PISCO","Den","N","Y","CI","NA","14",1.8063,0.2397,33.7392,-118.3857,"ML",2012,121,"Abalone Cove SMCA","SMCA",NA,0.33854073964983,0.0697547867051134,0.19047619047619,FALSE,TRUE,"INCLUDED"
"Anacapa Island SMR 2003","S. pulcher",1.23785017343911,0.427348637501092,1.70939455000437,0.910872059197291,"Linear","KFM","Den","N","Y","CI","NA","17",1.8847,0.2975,34.008,-119.3983,"C",2003,85,"Anacapa Island SMR 2003","SMR","Anacapa",0.18262685797404,0.040530311482058,0.19047619047619,FALSE,TRUE,"INCLUDED"
"Anacapa Island SMR 2003","S. pulcher",-0.677759043550749,0.26727097604618,1.13393471745961,0.563892468764945,"Linear","PISCO","Den","N","Y","CI","NA","19",1.3422,0.0369,34.008,-119.3983,"C",2003,85,"Anacapa Island SMR 2003","SMR","Anacapa",0.0714337746366777,0.233410977159747,0.19047619047619,TRUE,FALSE,"Outlier (Cook's D=0.2334 > 0.1905)"
"Blue Cavern Onshore SMCA","S. pulcher",-1.85432581728008,0.745835178262756,1.97329440072678,1.82499293669196,"Linear","PISCO","Den","N","Y","CI","NA","8",2.6833,0.7287,33.4466,-118.4764,"C",2012,121,"Blue Cavern Onshore SMCA","SMCA","Catalina",0.556270113134237,0.127015229651619,0.19047619047619,FALSE,TRUE,"INCLUDED"
"Campus Point SMCA","S. pulcher",-0.535937351127661,0.693692771086583,3.17889963254794,1.44701776411918,"Linear","LTER","Den","Y","Y","pBACIPS","N","22",2.0258,0.429,34.4049,-119.8651,"ML",2012,121,"Campus Point SMCA","SMCA",NA,0.481209660657782,0.00056854005725381,0.19047619047619,FALSE,TRUE,"INCLUDED"
"Campus Point SMCA","S. pulcher",-0.0571432848385101,0.241208444876979,0.934196289973129,0.5173406615855,"Mean","PISCO","Den","N","Y","CI","NA","15",1.0803,0.0108,34.4049,-119.8651,"ML",2012,121,"Campus Point SMCA","SMCA",NA,0.0581815138799706,0.000331507614160706,0.19047619047619,FALSE,TRUE,"INCLUDED"
"Cat Harbor SMCA","S. pulcher",0.412347565960189,0.188866130752651,0.534194087166659,0.446597433082213,"Mean","PISCO","Den","N","Y","CI","NA","8",3.2484,0.9573,33.42609,-118.5118,"C",2012,121,"Cat Harbor SMCA","SMCA","Catalina",0.0356704153454775,0.000454322162394907,0.19047619047619,FALSE,TRUE,"INCLUDED"
"Dana Point SMCA","S. pulcher",-0.33917023393051,0.573175657100994,1.51648024624526,1.40251030814823,"Mean","PISCO","Den","N","Y","CI","NA","7",1.9857,0.2954,33.4687,-117.7251,"ML",2012,121,"Dana Point SMCA","SMCA",NA,0.328530333893156,0.0301057272684128,0.19047619047619,FALSE,TRUE,"INCLUDED"
"Farnsworth Onshore SMCA","S. pulcher",0.0311280546678489,0.0947751931663312,0.232150863531223,0.243627390022294,"Mean","PISCO","Den","N","Y","CI","NA","6",3.29,0.9376,33.3339,-118.473,"C",2012,121,"Farnsworth Onshore SMCA","SMCA","Catalina",0.00898233723971539,0.026909793551804,0.19047619047619,FALSE,TRUE,"INCLUDED"
"Gull Island SMR","S. pulcher",0.318445895268216,0.0959001556706563,0.41801908723821,0.201478750711028,"Linear","PISCO","Den","N","Y","CI","NA","20",2.252,0.6259,33.9562,-119.8234,"C",2003,85,"Gull Island SMR","SMR","Santa Cruz",0.00919683985765611,0.000526926069851572,0.19047619047619,FALSE,TRUE,"INCLUDED"
"Harris Point SMR","S. pulcher",1.53123165813869,0.268550019116056,1.10726009457714,0.569300608630096,"Mean","PISCO","Den","N","Y","CI","NA","17",2.3018,0.6397,34.053,-120.3424,"C",2003,85,"Harris Point SMR","SMR","San Miguel",0.072119112767234,0.458334782398137,0.19047619047619,TRUE,FALSE,"Outlier (Cook's D=0.4583 > 0.1905)"
"Harris Point SMR","S. pulcher",-1.1723159112678,0.511294639640116,3.0677678378407,1.0379833016053,"Linear","KFM","Den","Y","Y","pBACIPS","N","37",1.4545,0.0296,34.053,-120.3424,"C",2003,85,"Harris Point SMR","SMR","San Miguel",0.261422208524716,0.0495804868845922,0.19047619047619,FALSE,TRUE,"INCLUDED"
"Long Point SMR","S. pulcher",0.628724551821441,0.2230656059203,0.630924810382921,0.52746634145538,"Mean","PISCO","Den","N","Y","CI","NA","8",2.4025,0.5586,33.24,-118.21,"C",2012,121,"Long Point SMR","SMR","Catalina",0.0497582645445906,0.0133615596358761,0.19047619047619,FALSE,TRUE,"INCLUDED"
"Matlahuayl SMR","S. pulcher",0.107930457806417,0.340922150429864,0.901995226470772,0.834206450204662,"Mean","PISCO","Den","N","Y","CI","NA","7",1.2734,0.0428,32.85167,-117.2783,"ML",2012,121,"Matlahuayl SMR","SMR",NA,0.116227912653723,0.00924274582534628,0.19047619047619,FALSE,TRUE,"INCLUDED"
"Naples SMCA","S. pulcher",1.63664976583868,0.157004591267164,0.608076167255827,0.336741357291788,"Mean","PISCO","Den","N","Y","CI","NA","15",0.7848,0.001,34.4321,-119.9514,"ML",2012,121,"Naples SMCA","SMCA",NA,0.0246504416789692,0.492758728329462,0.19047619047619,TRUE,FALSE,"Outlier (Cook's D=0.4928 > 0.1905)"
"Point Vicente SMCA","S. pulcher",0.328883130680745,0.108338480980156,0.45964124738711,0.228574214850732,"Mean","PISCO","Den","N","Y","CI","NA","18",1.6343,0.1397,33.7403,-118.4087,"ML",2012,121,"Point Vicente SMCA","SMCA",NA,0.0117372264610876,0.000314478993980496,0.19047619047619,FALSE,TRUE,"INCLUDED"
"Santa Barbara Island SMR","S. pulcher",-0.103523086118193,0.104943754368414,0.331861290013432,0.237399265635442,"Mean","PISCO","Den","N","Y","CI","NA","10",1.2734,0.0426,33.4658,-119.0306,"C",2003,85,"Santa Barbara Island SMR","SMR","Santa Barbara",0.011013191580938,0.0527724019858491,0.19047619047619,FALSE,TRUE,"INCLUDED"
"Scorpion SMR","S. pulcher",0.0884490360075388,0.0683466939315155,0.305655707336482,0.143051274437944,"Mean","PISCO","Den","N","Y","CI","NA","20",1.3021,0.0276,34.05428,-119.5669,"C",2003,85,"Scorpion SMR","SMR","Santa Cruz",0.00467127057136826,0.018887269427472,0.19047619047619,FALSE,TRUE,"INCLUDED"
"South Point SMR","S. pulcher",0.524347210341634,0.0896215449722186,0.400799733612871,0.18758004942009,"Mean","PISCO","Den","N","Y","CI","NA","20",2.0653,0.4569,33.9022,-120.1391,"C",2003,85,"South Point SMR","SMR","Santa Rosa",0.0080320213232074,0.00647569900817347,0.19047619047619,FALSE,TRUE,"INCLUDED"
"South Point SMR","S. pulcher",0.234848861716956,0.110856361511224,0.457072487782434,0.235004988220032,"Mean","KFM","Den","N","Y","CI","NA","17",2.6155,0.8533,33.9022,-120.1391,"C",2003,85,"South Point SMR","SMR","Santa Rosa",0.0122891328875072,0.00279020635720392,0.19047619047619,FALSE,TRUE,"INCLUDED"
"Swamis SMCA","S. pulcher",2.13900679420512,0.651155072161477,1.72279438587759,1.59331906300508,"Mean","PISCO","Den","N","Y","CI","NA","7",1.8515,0.2284,33.0212,-117.2936,"ML",2012,121,"Swamis SMCA","SMCA",NA,0.424002928001618,0.12318379857019,0.19047619047619,FALSE,TRUE,"INCLUDED"
"Abalone Cove SMCA","S. purpuratus",-2.81347723991224,1.18709158763241,4.11220588603387,2.61277096804855,"Linear","PISCO","Den","N","Y","CI","NA","13",2.1637,0.4858,33.7392,-118.3857,"ML",2012,121,"Abalone Cove SMCA","SMCA",NA,1.40918643742764,0.0392142575562,0.333333333333333,FALSE,TRUE,"INCLUDED"
"Anacapa Island SMR 2003","S. purpuratus",-2.61730776896941,0.809736915686561,3.23894766274624,1.72591338096309,"Linear","KFM","Den","N","Y","CI","NA","17",0.8888,0.0018,34.008,-119.3983,"C",2003,85,"Anacapa Island SMR 2003","SMR","Anacapa",0.655673872625585,0.00260850983210171,0.333333333333333,FALSE,TRUE,"INCLUDED"
"Anacapa Island SMR 2003","S. purpuratus",-2.21787468139861,0.40299656405552,1.56079898116584,0.864341665862893,"Linear","PISCO","Den","N","Y","CI","NA","16",0.9921,0.0051,34.008,-119.3983,"C",2003,85,"Anacapa Island SMR 2003","SMR","Anacapa",0.162406230640555,0.00392451400366067,0.333333333333333,FALSE,TRUE,"INCLUDED"
"Campus Point SMCA","S. purpuratus",-2.58226415373602,0.50352210744834,1.81547477673468,1.09708042772952,"Linear","PISCO","Den","N","Y","CI","NA","14",2.1074,0.4531,34.4049,-119.8651,"ML",2012,121,"Campus Point SMCA","SMCA",NA,0.253534512689218,0.186264325252384,0.333333333333333,FALSE,TRUE,"INCLUDED"
"Gull Island SMR","S. purpuratus",-1.69961169291499,0.460528928714854,1.78362087135937,0.987736315708666,"Linear","PISCO","Den","N","Y","CI","NA","16",1.0098,0.0059,33.9562,-119.8234,"C",2003,85,"Gull Island SMR","SMR","Santa Cruz",0.212086894183251,0.00347364349454776,0.333333333333333,FALSE,TRUE,"INCLUDED"
"Harris Point SMR","S. purpuratus",-0.388001794366191,0.219261590777002,0.904038698414535,0.464813808203849,"Mean","PISCO","Den","N","Y","CI","NA","17",0.9187,0.0024,34.053,-120.3424,"C",2003,85,"Harris Point SMR","SMR","San Miguel",0.0480756451900615,0.224652384974833,0.333333333333333,FALSE,TRUE,"INCLUDED"
"Matlahuayl SMR","S. purpuratus",-2.37768921993019,0.42924006026979,1.05141912482248,1.10339670205696,"Linear","PISCO","Den","N","Y","CI","NA","7",3.028,0.8811,32.85167,-117.2783,"ML",2012,121,"Matlahuayl SMR","SMR",NA,0.184247029340413,0.142667960344708,0.333333333333333,FALSE,TRUE,"INCLUDED"
"Naples SMCA","S. purpuratus",-0.575966561952304,0.150250287585591,0.562185098409537,0.324596011924432,"Mean","PISCO","Den","N","Y","CI","NA","14",1.6058,0.1339,34.4321,-119.9514,"ML",2012,121,"Naples SMCA","SMCA",NA,0.0225751489195528,0.183268133529862,0.333333333333333,FALSE,TRUE,"INCLUDED"
"Point Vicente SMCA","S. purpuratus",-0.347221422213013,0.373142302899854,1.44517392489662,0.800310643958599,"Mean","PISCO","Den","N","Y","CI","NA","15",1.3117,0.04,33.7403,-118.4087,"ML",2012,121,"Point Vicente SMCA","SMCA",NA,0.139235178213406,0.186639521211833,0.333333333333333,FALSE,TRUE,"INCLUDED"
"Scorpion SMR","S. purpuratus",-1.46479826541099,0.330855293371953,1.44216478874385,0.695101177975552,"Linear","PISCO","Den","N","Y","CI","NA","20",0.7479,2e-04,34.05428,-119.5669,"C",2003,85,"Scorpion SMR","SMR","Santa Cruz",0.109465225152241,0.0015133415429353,0.333333333333333,FALSE,TRUE,"INCLUDED"
"South Point SMR","S. purpuratus",-1.30686405152692,0.259716023998378,1.03886409599351,0.553571601325934,"Linear","KFM","Den","N","Y","CI","NA","17",1.268,0.0281,33.9022,-120.1391,"C",2003,85,"South Point SMR","SMR","Santa Rosa",0.067452413121526,0.00147846776761907,0.333333333333333,FALSE,TRUE,"INCLUDED"
"South Point SMR","S. purpuratus",-1.41045465476555,0.393452651505518,1.52383556680202,0.843872009274998,"Linear","PISCO","Den","N","Y","CI","NA","16",2.3717,0.6833,33.9022,-120.1391,"C",2003,85,"South Point SMR","SMR","Santa Rosa",0.154804988976723,0.000104213150807215,0.333333333333333,FALSE,TRUE,"INCLUDED"
