"MPA","Taxa","Source","Response","Effect_Size","SE","CI_Lower","CI_Upper","Model_Type","Significant","Direction","Qualitative"
"Abalone Cove SMCA","P. interruptus","PISCO","Bio",-1.6691,0.601,-2.9919,-0.3463,"Mean",TRUE,"Decrease inside MPA","Significant decrease"
"Campus Point SMCA","P. interruptus","LTER","Bio",1.6562,0.7007,0.095,3.2174,"Linear",TRUE,"Increase inside MPA","Significant increase"
"Matlahuayl SMR","P. interruptus","PISCO","Bio",0.2319,0.6454,-1.3473,1.8112,"Mean",FALSE,"Increase inside MPA","Not significant"
"Naples SMCA","P. interruptus","LTER","Bio",0.8481,0.3136,0.1578,1.5383,"Mean",TRUE,"Increase inside MPA","Significant increase"
"Point Vicente SMCA","P. interruptus","PISCO","Bio",0.4014,0.4737,-0.6413,1.4441,"Mean",FALSE,"Increase inside MPA","Not significant"
"Abalone Cove SMCA","P. interruptus","PISCO","Den",-0.8885,0.4568,-1.8838,0.1068,"Mean",FALSE,"Decrease inside MPA","Not significant"
"Anacapa Island SMR 2003","P. interruptus","PISCO","Den",2.0849,0.2378,1.578,2.5918,"Mean",TRUE,"Increase inside MPA","Significant increase"
"Anacapa Island SMR 2003","P. interruptus","KFM","Den",3.3458,0.3004,2.7089,3.9827,"Mean",TRUE,"Increase inside MPA","Significant increase"
"Campus Point SMCA","P. interruptus","LTER","Den",-0.0553,0.2314,-0.5645,0.454,"Mean",FALSE,"Decrease inside MPA","Not significant"
"Campus Point SMCA","P. interruptus","PISCO","Den",2.3747,0.7748,0.6865,4.0629,"Linear",TRUE,"Increase inside MPA","Significant increase"
"Gull Island SMR","P. interruptus","KFM","Den",0.1814,0.4858,-0.808,1.1709,"Sigmoid",FALSE,"Increase inside MPA","Not significant"
"Gull Island SMR","P. interruptus","PISCO","Den",2.1264,0.3684,1.3412,2.9115,"Mean",TRUE,"Increase inside MPA","Significant increase"
"Harris Point SMR","P. interruptus","PISCO","Den",0.6936,0.2641,0.1307,1.2565,"Linear",TRUE,"Increase inside MPA","Significant increase"
"Matlahuayl SMR","P. interruptus","PISCO","Den",-0.1091,0.3758,-1.0287,0.8105,"Mean",FALSE,"Decrease inside MPA","Not significant"
"Naples SMCA","P. interruptus","LTER","Den",0.5586,0.2986,-0.0986,1.2158,"Mean",FALSE,"Increase inside MPA","Not significant"
"Naples SMCA","P. interruptus","PISCO","Den",0.6104,0.2984,-0.0342,1.255,"Mean",FALSE,"Increase inside MPA","Not significant"
"Point Vicente SMCA","P. interruptus","PISCO","Den",-0.288,0.3857,-1.1154,0.5393,"Mean",FALSE,"Decrease inside MPA","Not significant"
"Santa Barbara Island SMR","P. interruptus","KFM","Den",1.9917,0.3406,1.3021,2.6812,"Linear",TRUE,"Increase inside MPA","Significant increase"
"Scorpion SMR","P. interruptus","PISCO","Den",2.6411,0.2593,2.0983,3.1838,"Mean",TRUE,"Increase inside MPA","Significant increase"
"Scorpion SMR","P. interruptus","KFM","Den",2.5971,0.3072,1.9747,3.2196,"Linear",TRUE,"Increase inside MPA","Significant increase"
"South Point SMR","P. interruptus","PISCO","Den",2.5756,0.4202,1.6745,3.4768,"Linear",TRUE,"Increase inside MPA","Significant increase"
"South Point SMR","P. interruptus","KFM","Den",0.8924,0.2611,0.3388,1.446,"Mean",TRUE,"Increase inside MPA","Significant increase"
"Abalone Cove SMCA","S. pulcher","PISCO","Bio",2.3859,0.9247,0.3712,4.4005,"Linear",TRUE,"Increase inside MPA","Significant increase"
"Anacapa Island SMR 2003","S. pulcher","PISCO","Bio",0.3855,0.1306,0.1111,0.6599,"Mean",TRUE,"Increase inside MPA","Significant increase"
"Blue Cavern Onshore SMCA","S. pulcher","PISCO","Bio",1.7011,0.5518,0.3963,3.0059,"Mean",TRUE,"Increase inside MPA","Significant increase"
"Campus Point SMCA","S. pulcher","PISCO","Bio",0.0534,0.2824,-0.5523,0.659,"Mean",FALSE,"Increase inside MPA","Not significant"
"Campus Point SMCA","S. pulcher","LTER","Bio",-2.2354,1.6333,-5.6423,1.1716,"Linear",FALSE,"Decrease inside MPA","Not significant"
"Farnsworth Onshore SMCA","S. pulcher","PISCO","Bio",0.4032,0.2646,-0.2771,1.0834,"Mean",FALSE,"Increase inside MPA","Not significant"
"Gull Island SMR","S. pulcher","PISCO","Bio",0.6193,0.1551,0.2935,0.9452,"Linear",TRUE,"Increase inside MPA","Significant increase"
"Harris Point SMR","S. pulcher","PISCO","Bio",2.4921,0.6158,1.1868,3.7975,"Mean",TRUE,"Increase inside MPA","Significant increase"
"Long Point SMR","S. pulcher","PISCO","Bio",1.4035,0.3268,0.6309,2.1762,"Mean",TRUE,"Increase inside MPA","Significant increase"
"Matlahuayl SMR","S. pulcher","PISCO","Bio",0.3191,0.4515,-0.7856,1.4239,"Mean",FALSE,"Increase inside MPA","Not significant"
"Naples SMCA","S. pulcher","PISCO","Bio",2.0181,0.2051,1.5782,2.4581,"Mean",TRUE,"Increase inside MPA","Significant increase"
"Point Vicente SMCA","S. pulcher","PISCO","Bio",1.2723,0.386,0.454,2.0906,"Linear",TRUE,"Increase inside MPA","Significant increase"
"Santa Barbara Island SMR","S. pulcher","PISCO","Bio",0.5439,0.1495,0.1992,0.8887,"Linear",TRUE,"Increase inside MPA","Significant increase"
"Scorpion SMR","S. pulcher","PISCO","Bio",0.5057,0.0686,0.3623,0.6492,"Mean",TRUE,"Increase inside MPA","Significant increase"
"South Point SMR","S. pulcher","PISCO","Bio",0.8559,0.1058,0.6344,1.0774,"Mean",TRUE,"Increase inside MPA","Significant increase"
"Swamis SMCA","S. pulcher","PISCO","Bio",3.0836,0.7764,1.1839,4.9834,"Mean",TRUE,"Increase inside MPA","Significant increase"
"Abalone Cove SMCA","S. pulcher","PISCO","Den",1.5163,0.5982,0.2129,2.8197,"Linear",TRUE,"Increase inside MPA","Significant increase"
"Anacapa Island SMR 2003","S. pulcher","KFM","Den",1.2379,0.4273,0.327,2.1487,"Linear",TRUE,"Increase inside MPA","Significant increase"
"Anacapa Island SMR 2003","S. pulcher","PISCO","Den",-0.663,0.2694,-1.2315,-0.0946,"Linear",TRUE,"Decrease inside MPA","Significant decrease"
"Blue Cavern Onshore SMCA","S. pulcher","PISCO","Den",-1.8799,0.7559,-3.7294,-0.0304,"Linear",TRUE,"Decrease inside MPA","Significant decrease"
"Campus Point SMCA","S. pulcher","PISCO","Den",-0.077,0.2417,-0.5954,0.4413,"Mean",FALSE,"Decrease inside MPA","Not significant"
"Campus Point SMCA","S. pulcher","LTER","Den",-0.5359,0.6937,-1.983,0.9111,"Linear",FALSE,"Decrease inside MPA","Not significant"
"Farnsworth Onshore SMCA","S. pulcher","PISCO","Den",0.046,0.1087,-0.2333,0.3253,"Mean",FALSE,"Increase inside MPA","Not significant"
"Gull Island SMR","S. pulcher","PISCO","Den",0.3106,0.1002,0.1001,0.5211,"Linear",TRUE,"Increase inside MPA","Significant increase"
"Harris Point SMR","S. pulcher","PISCO","Den",1.5008,0.2675,0.9337,2.068,"Mean",TRUE,"Increase inside MPA","Significant increase"
"Harris Point SMR","S. pulcher","KFM","Den",-1.1723,0.5113,-2.2103,-0.1343,"Linear",TRUE,"Decrease inside MPA","Significant decrease"
"Long Point SMR","S. pulcher","PISCO","Den",0.6148,0.2237,0.0857,1.1439,"Mean",TRUE,"Increase inside MPA","Significant increase"
"Matlahuayl SMR","S. pulcher","PISCO","Den",0.1079,0.3409,-0.7263,0.9421,"Mean",FALSE,"Increase inside MPA","Not significant"
"Naples SMCA","S. pulcher","PISCO","Den",1.6191,0.155,1.2866,1.9516,"Mean",TRUE,"Increase inside MPA","Significant increase"
"Point Vicente SMCA","S. pulcher","PISCO","Den",0.3335,0.1098,0.1019,0.5651,"Mean",TRUE,"Increase inside MPA","Significant increase"
"Santa Barbara Island SMR","S. pulcher","PISCO","Den",-0.1301,0.1088,-0.3762,0.1161,"Mean",FALSE,"Decrease inside MPA","Not significant"
"Scorpion SMR","S. pulcher","PISCO","Den",0.0848,0.0678,-0.0572,0.2267,"Mean",FALSE,"Increase inside MPA","Not significant"
"Scorpion SMR","S. pulcher","KFM","Den",-1.5431,0.3299,-2.2122,-0.874,"Step",TRUE,"Decrease inside MPA","Significant decrease"
"South Point SMR","S. pulcher","KFM","Den",0.2348,0.1109,-2e-04,0.4699,"Mean",FALSE,"Increase inside MPA","Not significant"
"South Point SMR","S. pulcher","PISCO","Den",0.536,0.0892,0.3493,0.7228,"Mean",TRUE,"Increase inside MPA","Significant increase"
"Swamis SMCA","S. pulcher","PISCO","Den",2.139,0.6512,0.5457,3.7323,"Mean",TRUE,"Increase inside MPA","Significant increase"
"Abalone Cove SMCA","S. purpuratus","PISCO","Bio",0.2154,0.471,-0.8108,1.2416,"Mean",FALSE,"Increase inside MPA","Not significant"
"Anacapa Island SMR 2003","S. purpuratus","KFM","Bio",-2.9103,0.8917,-4.811,-1.0097,"Linear",TRUE,"Decrease inside MPA","Significant decrease"
"Campus Point SMCA","S. purpuratus","PISCO","Bio",-1.5633,0.6971,-3.0976,-0.0289,"Linear",TRUE,"Decrease inside MPA","Significant decrease"
"Gull Island SMR","S. purpuratus","PISCO","Bio",-1.5173,0.4909,-2.5778,-0.4569,"Linear",TRUE,"Decrease inside MPA","Significant decrease"
"Harris Point SMR","S. purpuratus","PISCO","Bio",-1.0393,0.2419,-1.5581,-0.5206,"Mean",TRUE,"Decrease inside MPA","Significant decrease"
"Naples SMCA","S. purpuratus","PISCO","Bio",-0.7268,0.1586,-1.0724,-0.3812,"Mean",TRUE,"Decrease inside MPA","Significant decrease"
"Point Vicente SMCA","S. purpuratus","PISCO","Bio",-0.4839,0.289,-1.1082,0.1404,"Mean",FALSE,"Decrease inside MPA","Not significant"
"Scorpion SMR","S. purpuratus","PISCO","Bio",-0.9519,0.3822,-1.7622,-0.1417,"Linear",TRUE,"Decrease inside MPA","Significant decrease"
"South Point SMR","S. purpuratus","KFM","Bio",0.1088,0.171,-0.2537,0.4712,"Mean",FALSE,"Increase inside MPA","Not significant"
"South Point SMR","S. purpuratus","PISCO","Bio",-1.3846,0.5323,-2.5444,-0.2248,"Linear",TRUE,"Decrease inside MPA","Significant decrease"
"Abalone Cove SMCA","S. purpuratus","PISCO","Den",-2.8135,1.1871,-5.4262,-0.2007,"Linear",TRUE,"Decrease inside MPA","Significant decrease"
"Anacapa Island SMR 2003","S. purpuratus","KFM","Den",-2.6173,0.8097,-4.3432,-0.8914,"Linear",TRUE,"Decrease inside MPA","Significant decrease"
"Anacapa Island SMR 2003","S. purpuratus","PISCO","Den",-2.2179,0.403,-3.0822,-1.3535,"Linear",TRUE,"Decrease inside MPA","Significant decrease"
"Campus Point SMCA","S. purpuratus","PISCO","Den",-2.5823,0.5035,-3.6793,-1.4852,"Linear",TRUE,"Decrease inside MPA","Significant decrease"
"Gull Island SMR","S. purpuratus","PISCO","Den",-1.6996,0.4605,-2.6873,-0.7119,"Linear",TRUE,"Decrease inside MPA","Significant decrease"
"Harris Point SMR","S. purpuratus","PISCO","Den",-0.388,0.2193,-0.8528,0.0768,"Mean",FALSE,"Decrease inside MPA","Not significant"
"Matlahuayl SMR","S. purpuratus","PISCO","Den",-2.3777,0.4292,-3.4811,-1.2743,"Linear",TRUE,"Decrease inside MPA","Significant decrease"
"Naples SMCA","S. purpuratus","PISCO","Den",-0.576,0.1503,-0.9006,-0.2514,"Mean",TRUE,"Decrease inside MPA","Significant decrease"
"Point Vicente SMCA","S. purpuratus","PISCO","Den",-0.3472,0.3731,-1.1475,0.4531,"Mean",FALSE,"Decrease inside MPA","Not significant"
"Santa Barbara Island SMR","S. purpuratus","KFM","Den",1.9924,0.3033,1.3789,2.606,"Step",TRUE,"Increase inside MPA","Significant increase"
"Scorpion SMR","S. purpuratus","PISCO","Den",-1.4648,0.3309,-2.1599,-0.7697,"Linear",TRUE,"Decrease inside MPA","Significant decrease"
"South Point SMR","S. purpuratus","KFM","Den",-1.3069,0.2597,-1.8604,-0.7533,"Linear",TRUE,"Decrease inside MPA","Significant decrease"
"South Point SMR","S. purpuratus","PISCO","Den",-1.4105,0.3935,-2.2543,-0.5666,"Linear",TRUE,"Decrease inside MPA","Significant decrease"
"Abalone Cove SMCA","M. franciscanus","PISCO","Bio",-1.6148,0.4923,-2.6983,-0.5312,"Linear",TRUE,"Decrease inside MPA","Significant decrease"
"Anacapa Island SMR 2003","M. franciscanus","KFM","Bio",-2.5232,0.382,-3.3373,-1.709,"Linear",TRUE,"Decrease inside MPA","Significant decrease"
"Campus Point SMCA","M. franciscanus","PISCO","Bio",-0.2602,0.3809,-1.0986,0.5782,"Mean",FALSE,"Decrease inside MPA","Not significant"
"Gull Island SMR","M. franciscanus","KFM","Bio",1.1797,0.3862,0.3949,1.9645,"Linear",TRUE,"Increase inside MPA","Significant increase"
"Gull Island SMR","M. franciscanus","PISCO","Bio",0.2473,0.292,-0.3789,0.8735,"Mean",FALSE,"Increase inside MPA","Not significant"
"Harris Point SMR","M. franciscanus","PISCO","Bio",0.0104,0.1496,-0.3105,0.3313,"Mean",FALSE,"Increase inside MPA","Not significant"
"Harris Point SMR","M. franciscanus","KFM","Bio",-0.6586,0.5269,-1.7318,0.4146,"Sigmoid",FALSE,"Decrease inside MPA","Not significant"
"Naples SMCA","M. franciscanus","LTER","Bio",1.2305,0.2049,0.7879,1.6732,"Mean",TRUE,"Increase inside MPA","Significant increase"
"Naples SMCA","M. franciscanus","PISCO","Bio",1.2055,0.2469,0.6676,1.7434,"Mean",TRUE,"Increase inside MPA","Significant increase"
"Point Vicente SMCA","M. franciscanus","PISCO","Bio",0.2538,0.1261,-0.0186,0.5262,"Mean",FALSE,"Increase inside MPA","Not significant"
"Scorpion SMR","M. franciscanus","KFM","Bio",-1.253,0.2707,-1.8025,-0.7035,"Step",TRUE,"Decrease inside MPA","Significant decrease"
"Scorpion SMR","M. franciscanus","PISCO","Bio",0.0657,0.1478,-0.2462,0.3777,"Mean",FALSE,"Increase inside MPA","Not significant"
"South Point SMR","M. franciscanus","KFM","Bio",1.2289,0.1075,1.001,1.4568,"Mean",TRUE,"Increase inside MPA","Significant increase"
"South Point SMR","M. franciscanus","PISCO","Bio",1.2019,0.2143,0.7389,1.6649,"Mean",TRUE,"Increase inside MPA","Significant increase"
"Abalone Cove SMCA","M. franciscanus","PISCO","Den",-2.4162,0.3481,-3.1824,-1.65,"Linear",TRUE,"Decrease inside MPA","Significant decrease"
"Anacapa Island SMR 2003","M. franciscanus","KFM","Den",-2.7358,0.4302,-3.6528,-1.8188,"Linear",TRUE,"Decrease inside MPA","Significant decrease"
"Anacapa Island SMR 2003","M. franciscanus","PISCO","Den",-1.2279,0.258,-1.7813,-0.6745,"Linear",TRUE,"Decrease inside MPA","Significant decrease"
"Campus Point SMCA","M. franciscanus","PISCO","Den",-1.0448,0.3686,-1.8478,-0.2417,"Linear",TRUE,"Decrease inside MPA","Significant decrease"
"Gull Island SMR","M. franciscanus","PISCO","Den",-0.8908,0.3627,-1.6688,-0.1129,"Linear",TRUE,"Decrease inside MPA","Significant decrease"
"Gull Island SMR","M. franciscanus","KFM","Den",0.4307,0.3653,-0.3116,1.173,"Step",FALSE,"Increase inside MPA","Not significant"
"Harris Point SMR","M. franciscanus","PISCO","Den",0.5331,0.1157,0.2879,0.7784,"Mean",TRUE,"Increase inside MPA","Significant increase"
"Harris Point SMR","M. franciscanus","KFM","Den",-0.5323,0.3681,-1.2775,0.2129,"Linear",FALSE,"Decrease inside MPA","Not significant"
"Matlahuayl SMR","M. franciscanus","PISCO","Den",-6.323,1.0662,-9.0636,-3.5823,"Linear",TRUE,"Decrease inside MPA","Significant decrease"
"Naples SMCA","M. franciscanus","LTER","Den",1.1895,0.3952,0.3675,2.0114,"Step",TRUE,"Increase inside MPA","Significant increase"
"Naples SMCA","M. franciscanus","PISCO","Den",1.0694,0.1653,0.7123,1.4266,"Mean",TRUE,"Increase inside MPA","Significant increase"
"Point Vicente SMCA","M. franciscanus","PISCO","Den",0.2004,0.1234,-0.0642,0.465,"Mean",FALSE,"Increase inside MPA","Not significant"
"Scorpion SMR","M. franciscanus","KFM","Den",-0.6221,0.2055,-1.0382,-0.206,"Step",TRUE,"Decrease inside MPA","Significant decrease"
"Scorpion SMR","M. franciscanus","PISCO","Den",-0.4569,0.1575,-0.7877,-0.1261,"Linear",TRUE,"Decrease inside MPA","Significant decrease"
"South Point SMR","M. franciscanus","PISCO","Den",0.5759,0.1842,0.1833,0.9684,"Mean",TRUE,"Increase inside MPA","Significant increase"
"South Point SMR","M. franciscanus","KFM","Den",0.6094,0.097,0.4037,0.8152,"Mean",TRUE,"Increase inside MPA","Significant increase"
"Abalone Cove SMCA","M. pyrifera","PISCO","Bio",0.0929,0.4395,-0.8646,1.0504,"Mean",FALSE,"Increase inside MPA","Not significant"
"Abalone Cove SMCA","M. pyrifera","Landsat","Bio",3.0387,0.7799,1.4538,4.6236,"Linear",TRUE,"Increase inside MPA","Significant increase"
"Anacapa Island SMR 2003","M. pyrifera","KFM","Bio",0.1198,1.8095,-3.7161,3.9557,"Mean",FALSE,"Increase inside MPA","Not significant"
"Anacapa Island SMR 2003","M. pyrifera","PISCO","Bio",1.536,0.4059,0.6708,2.4012,"Mean",TRUE,"Increase inside MPA","Significant increase"
"Cabrillo SMR","M. pyrifera","Landsat","Bio",-0.1213,1.8258,-3.8405,3.5978,"Linear",FALSE,"Decrease inside MPA","Not significant"
"Campus Point SMCA","M. pyrifera","LTER","Bio",1.7789,0.5273,0.6822,2.8755,"Linear",TRUE,"Increase inside MPA","Significant increase"
"Campus Point SMCA","M. pyrifera","Landsat","Bio",0.4308,0.4877,-0.5593,1.4209,"Linear",FALSE,"Increase inside MPA","Not significant"
"Campus Point SMCA","M. pyrifera","PISCO","Bio",1.6169,0.6343,0.2348,2.9989,"Linear",TRUE,"Increase inside MPA","Significant increase"
"Farnsworth Onshore SMCA","M. pyrifera","Landsat","Bio",-1.9067,0.9737,-3.9261,0.1127,"Linear",FALSE,"Decrease inside MPA","Not significant"
"Gull Island SMR","M. pyrifera","Landsat","Bio",0.8811,0.2825,0.3076,1.4546,"Linear",TRUE,"Increase inside MPA","Significant increase"
"Gull Island SMR","M. pyrifera","KFM","Bio",5.1477,1.364,2.3658,7.9295,"Linear",TRUE,"Increase inside MPA","Significant increase"
"Gull Island SMR","M. pyrifera","PISCO","Bio",1.6757,0.5108,0.58,2.7713,"Linear",TRUE,"Increase inside MPA","Significant increase"
"Harris Point SMR","M. pyrifera","Landsat","Bio",0.7468,0.5278,-0.3259,1.8194,"Linear",FALSE,"Increase inside MPA","Not significant"
"Harris Point SMR","M. pyrifera","PISCO","Bio",-0.5664,0.3456,-1.2991,0.1663,"Mean",FALSE,"Decrease inside MPA","Not significant"
"Matlahuayl SMR","M. pyrifera","PISCO","Bio",1.962,0.5776,0.5487,3.3754,"Mean",TRUE,"Increase inside MPA","Significant increase"
"Naples SMCA","M. pyrifera","LTER","Bio",3.7129,1.0927,1.4405,5.9854,"Linear",TRUE,"Increase inside MPA","Significant increase"
"Naples SMCA","M. pyrifera","PISCO","Bio",-0.7152,0.2081,-1.1647,-0.2656,"Mean",TRUE,"Decrease inside MPA","Significant decrease"
"Naples SMCA","M. pyrifera","Landsat","Bio",-0.0922,0.7464,-1.6074,1.423,"Linear",FALSE,"Decrease inside MPA","Not significant"
"Point Dume SMCA","M. pyrifera","Landsat","Bio",0.2394,0.4933,-0.762,1.2408,"Linear",FALSE,"Increase inside MPA","Not significant"
"Point Dume SMR","M. pyrifera","Landsat","Bio",1.0933,1.0334,-1.0046,3.1913,"Linear",FALSE,"Increase inside MPA","Not significant"
"Point Vicente SMCA","M. pyrifera","PISCO","Bio",-0.5287,0.3316,-1.2399,0.1826,"Mean",FALSE,"Decrease inside MPA","Not significant"
"Point Vicente SMCA","M. pyrifera","Landsat","Bio",1.8299,0.7655,0.2725,3.3873,"Linear",TRUE,"Increase inside MPA","Significant increase"
"Santa Barbara Island SMR","M. pyrifera","KFM","Bio",3.8265,1.1084,1.5764,6.0766,"Linear",TRUE,"Increase inside MPA","Significant increase"
"Santa Barbara Island SMR","M. pyrifera","Landsat","Bio",2.0391,0.4963,1.0316,3.0466,"Linear",TRUE,"Increase inside MPA","Significant increase"
"Scorpion SMR","M. pyrifera","PISCO","Bio",2.568,0.6118,1.2827,3.8534,"Linear",TRUE,"Increase inside MPA","Significant increase"
"Scorpion SMR","M. pyrifera","KFM","Bio",8.9694,3.4553,1.9312,16.0076,"Sigmoid",TRUE,"Increase inside MPA","Significant increase"
"Skunk Pt SMR","M. pyrifera","Landsat","Bio",0.7773,0.611,-0.4644,2.0191,"Linear",FALSE,"Increase inside MPA","Not significant"
"South Point SMR","M. pyrifera","PISCO","Bio",0.5977,0.2879,-0.016,1.2113,"Mean",FALSE,"Increase inside MPA","Not significant"
"South Point SMR","M. pyrifera","KFM","Bio",3.6964,1.4471,0.6121,6.7807,"Linear",TRUE,"Increase inside MPA","Significant increase"
"South Point SMR","M. pyrifera","Landsat","Bio",0.0178,0.2574,-0.5048,0.5403,"Linear",FALSE,"Increase inside MPA","Not significant"
"Swamis SMCA","M. pyrifera","Landsat","Bio",-1.8229,1.0917,-4.0391,0.3933,"Linear",FALSE,"Decrease inside MPA","Not significant"
